canonical_id,level,parent_id,canonical_name,city,notes,evidence_url,evidence,evidence_status
soc_dha_lahore,society,,DHA Lahore,Lahore,Defence Housing Authority; statutory authority; phases 1-13,https://dharealestate.pk/,Names DHA Lahore phases and file rates throughout,evidenced
soc_bahria_lahore,society,,Bahria Town Lahore,Lahore,Private developer; uses sectors not blocks,https://asaspropertiespk.com/dha-lahore-vs-bahria-town-lahore-which-is-the-better-investment-in-2026/,"Sector table for Sectors A-H, Orchard, Overseas Enclave",evidenced
soc_lda_city,society,,LDA City Lahore,Lahore,Government scheme; uses blocks AND sectors,https://lahorerealestate.com/latest-dha-file-rates-market-overview-september-26-2026/,LDA City (Iqbal Sector) file rates,evidenced
soc_lake_city,society,,Lake City,Lahore,Appears in LRE rate tables; depth unverified,https://lahorerealestate.com/latest-dha-file-rates-market-overview-september-26-2026/,Lake City Lahore Files section,evidenced
soc_askari_10,society,,Askari 10 Lahore,Lahore,Built out; no file market,https://burstforum.com/askari-10-lahore-property-prices-and-rental-yields-in-2026/,Sector-by-sector house and flat tables,evidenced
soc_gulberg_iii,society,,Gulberg III,Lahore,Established LDA-regulated; not a file/possession market,https://milkiyat.com/articles/gulberg-lahore-property-investment-guide-2026,Gulberg III area guide,evidenced
ph_dha_5,phase,soc_dha_lahore,DHA Phase 5,Lahore,,https://lahorerealestate.com/latest-dha-file-rates-market-overview-september-26-2026/,Phase 5 rate section,evidenced
ph_dha_5_mext,phase,soc_dha_lahore,DHA Phase 5 (M-Extension),Lahore,Distinct from phase 5 proper,https://lahorerealestate.com/latest-dha-file-rates-market-overview-september-26-2026/,Phase 5 (M-Extension) listed as separate rate line,evidenced
ph_dha_6,phase,soc_dha_lahore,DHA Phase 6,Lahore,High liquidity; office MB-46 here,https://dharealestate.pk/dha-lahore-files-prices-allocation-affidavit-rates-phase-13-phase-10-phase-9-prism-phase-7-phase-9-town/,Names DHA Phase 6,evidenced
ph_dha_7,phase,soc_dha_lahore,DHA Phase 7,Lahore,,https://dharealestate.pk/dha-lahore-files-prices-allocation-affidavit-rates-phase-13-phase-10-phase-9-prism-phase-7-phase-9-town/,Phase 7 rate table,evidenced
ph_dha_8,phase,soc_dha_lahore,DHA Phase 8,Lahore,Includes Z Block,https://dharealestate.pk/dha-all-files-latest-market-rates-complete-investment-guide-land-cost-only-updated-27-november-2025/,Phase 8 rate table incl. Z Block,evidenced
ph_dha_9_prism,phase,soc_dha_lahore,DHA Phase 9 Prism,Lahore,Possession open,https://cdbrealestate.com/dha-phase-10-balloting-update/,"""Phase 10 ... beside DHA Phase 9 Prism""",evidenced
ph_dha_9_town,phase,soc_dha_lahore,DHA Phase 9 Town,Lahore,Distinct from Prism,https://dharealestate.pk/dha-lahore-files-prices-allocation-affidavit-rates-phase-13-phase-10-phase-9-prism-phase-7-phase-9-town/,DHA 9 Town rate table,evidenced
ph_dha_9_ext,phase,soc_dha_lahore,DHA Phase 9 Extension,Lahore,Former name of phase 10; raw string dropped,,"CONTESTED: CDB says phase 10 was earlier known as Phase 9 Extension; unverified, single-sourced",contested
ph_dha_10,phase,soc_dha_lahore,DHA Phase 10,Lahore,Also published as Phase X,https://dharealestate.pk/dha-lahore-files-prices-allocation-affidavit-rates-phase-13-phase-10-phase-9-prism-phase-7-phase-9-town/,"Heading: ""DHA Phase 10 (Phase X)""",evidenced
ph_dha_11_rahbar,phase,soc_dha_lahore,DHA Phase 11 (Rahbar),Lahore,Sec-4 variant,https://dharealestate.pk/dha-all-files-latest-market-rates-complete-investment-guide-land-cost-only-updated-27-november-2025/,"""DHA Rahbar (Phase-11 Sec-4)""",evidenced
ph_dha_12,phase,soc_dha_lahore,DHA Phase 12,Lahore,,https://milkiyat.com/articles/lahore-property-market-guide-2026,"""DHA Phases 9-11 (newer)"" range reference",evidenced
ph_dha_13,phase,soc_dha_lahore,DHA Phase 13,Lahore,Also Ex-DHA City,https://lahorerealestate.com/latest-dha-file-rates-market-overview-september-26-2026/,"""Phase 13 (Ex-DHA City) Files""",evidenced
blk_dha_6_b,block,ph_dha_6,Block B,Lahore,,https://maanestate.com/dha-lahore-monthly-market-update-august-2026/,Names Phase 6 Block B,evidenced
blk_dha_8_s,block,ph_dha_8,Block S,Lahore,,https://maanestate.com/dha-lahore-monthly-market-update-august-2026/,"""selected locations in Blocks S and X""",evidenced
blk_dha_8_x,block,ph_dha_8,Block X,Lahore,,https://maanestate.com/dha-lahore-monthly-market-update-august-2026/,"""selected locations in Blocks S and X""",evidenced
blk_dha_8_z,block,ph_dha_8,Block Z,Lahore,IVY Green,https://dharealestate.pk/dha-all-files-latest-market-rates-complete-investment-guide-land-cost-only-updated-27-november-2025/,"""IVY Green - Z Block"" rate line",evidenced
sec_bahria_ab,sector,soc_bahria_lahore,Sectors A-F,Lahore,Grouped range not a single sector,https://asaspropertiespk.com/dha-lahore-vs-bahria-town-lahore-which-is-the-better-investment-in-2026/,"""Sectors A-F (established)"" range row",evidenced
sec_bahria_c,sector,soc_bahria_lahore,Sector C,Lahore,Main Boulevard,https://asaspropertiespk.com/dha-lahore-vs-bahria-town-lahore-which-is-the-better-investment-in-2026/,"""Sector C (Main Boulevard)""",evidenced
sec_bahria_e,sector,soc_bahria_lahore,Sector E,Lahore,Johar / Iqbal,https://asaspropertiespk.com/dha-lahore-vs-bahria-town-lahore-which-is-the-better-investment-in-2026/,"""Sector E (Johar, Iqbal)""",evidenced
sec_bahria_f,sector,soc_bahria_lahore,Sector F,Lahore,Talha / Safari,https://asaspropertiespk.com/dha-lahore-vs-bahria-town-lahore-which-is-the-better-investment-in-2026/,"""Sector F (Talha, Safari)""",evidenced
sec_bahria_g,sector,soc_bahria_lahore,Sector G,Lahore,Future merger pending,https://asaspropertiespk.com/dha-lahore-vs-bahria-town-lahore-which-is-the-better-investment-in-2026/,"""Sectors G & H"" - future merger",evidenced
sec_bahria_h,sector,soc_bahria_lahore,Sector H,Lahore,Future merger pending,https://asaspropertiespk.com/dha-lahore-vs-bahria-town-lahore-which-is-the-better-investment-in-2026/,"""Sectors G & H"" - future merger",evidenced
sch_bahria_orchard,scheme,soc_bahria_lahore,Bahria Orchard,Lahore,Distinct scheme not a sector,https://asaspropertiespk.com/dha-lahore-vs-bahria-town-lahore-which-is-the-better-investment-in-2026/,"""Bahria Orchard"" row",evidenced
sch_bahria_overseas,scheme,soc_bahria_lahore,Overseas Enclave,Lahore,NRP focused,https://asaspropertiespk.com/dha-lahore-vs-bahria-town-lahore-which-is-the-better-investment-in-2026/,"""Overseas Enclave"" row",evidenced
blk_lda_a1,block,soc_lda_city,A1 Block,Lahore,,https://dharealestate.pk/lda-city-lahore-plots-prices-development-possession-update-2026-complete-investment-guide/,"""possession granted ... A1 Block""",evidenced
blk_lda_b1,block,soc_lda_city,B1 Block,Lahore,,https://dharealestate.pk/lda-city-lahore-plots-prices-development-possession-update-2026-complete-investment-guide/,"""B1 Block""",evidenced
blk_lda_e1,block,soc_lda_city,E1 Block,Lahore,,https://dharealestate.pk/lda-city-lahore-plots-prices-development-possession-update-2026-complete-investment-guide/,"""E1 Block""",evidenced
blk_lda_h,block,soc_lda_city,H Block,Lahore,,https://dharealestate.pk/lda-city-lahore-plots-prices-development-possession-update-2026-complete-investment-guide/,"""H Block""",evidenced
blk_lda_l,block,soc_lda_city,L Block,Lahore,,https://dharealestate.pk/lda-city-lahore-plots-prices-development-possession-update-2026-complete-investment-guide/,"""L Block""",evidenced
blk_lda_m,block,soc_lda_city,M Block,Lahore,,https://dharealestate.pk/lda-city-lahore-plots-prices-development-possession-update-2026-complete-investment-guide/,"""M Block""",evidenced
blk_lda_n,block,soc_lda_city,N Block,Lahore,Under active development Aug 2026,https://lahorerealestate.com/videos/lda-city-lahore-latest-development-update-n-block-prices-file-rates-plot-prices-today/,"""N Block"" development update",evidenced
blk_lda_p,block,soc_lda_city,P Block,Lahore,,https://dharealestate.pk/lda-city-lahore-plots-prices-development-possession-update-2026-complete-investment-guide/,"""P Block""",evidenced
sec_lda_jinnah,sector,soc_lda_city,Jinnah Sector,Lahore,Overlaps block hierarchy,https://lahorerealestate.com/videos/lda-city-lahore-big-announcement-medical-city-new-installment-plots-development-update-2026/,"""Jinnah Sector"" 85% development",evidenced
sec_lda_iqbal,sector,soc_lda_city,Iqbal Sector,Lahore,Overlaps block hierarchy,https://lahorerealestate.com/latest-dha-file-rates-market-overview-september-26-2026/,"""LDA City (Iqbal Sector) Files""",evidenced
sec_lda_pine,sector,soc_lda_city,Pine Sector,Lahore,Announced not launched; do not treat active,https://lahorerealestate.com/videos/lda-city-lahore-big-announcement-medical-city-new-installment-plots-development-update-2026/,"""upcoming sector expected to be named Pine Sector""",evidenced
sec_dha_11_rahbar_4,sector,ph_dha_11_rahbar,Rahbar Sector-4,Lahore,Sector WITHIN Phase 11,https://lahorerealestate.com/latest-dha-file-rates-market-overview-september-26-2026/,"""Phase 11 (Rahbar Sec-4)""; also ""DHA Rahbar Sector-4""",evidenced
ph_dha_1,phase,soc_dha_lahore,DHA Phase 1,Lahore,"Evidenced as a Lahore DHA phase. Bare ""DHA Phase 1"" deliberately NOT aliased - cross-city ambiguity",https://lahorerealestate.com/phase-1-4/,"""DHA Lahore Phase 1"" appears on 2 lre pages describing it as a Lahore phase (location, sectors, roads)",evidenced
ph_dha_2,phase,soc_dha_lahore,DHA Phase 2,Lahore,"Evidenced as a Lahore DHA phase. Bare ""DHA Phase 2"" deliberately NOT aliased - cross-city ambiguity",https://lahorerealestate.com/phase-1-4/,"""DHA Lahore Phase 2"" appears on 2 lre pages describing it as a Lahore phase (location, sectors, roads)",evidenced
ph_dha_3,phase,soc_dha_lahore,DHA Phase 3,Lahore,"Evidenced as a Lahore DHA phase. Bare ""DHA Phase 3"" deliberately NOT aliased - cross-city ambiguity",https://lahorerealestate.com/phase-1-4/,"""DHA Lahore Phase 3"" appears on 2 lre pages describing it as a Lahore phase (location, sectors, roads)",evidenced
ph_dha_4,phase,soc_dha_lahore,DHA Phase 4,Lahore,"Evidenced as a Lahore DHA phase. Bare ""DHA Phase 4"" deliberately NOT aliased - cross-city ambiguity",https://lahorerealestate.com/phase-1-4/,"""DHA Lahore Phase 4"" appears on 2 lre pages describing it as a Lahore phase (location, sectors, roads)",evidenced
